,data,bc,cql,edac,mcq,td3bc,mopo,combo,rambo,mobile
Pipeline,429.00723,422.36±140.47,552.92±86.42,467.05±48.57,224.35±77.34,562.06±78.08,-571.7±970.06,321.57±95.38,-44.13±778.87,389.88±42.38
Simglucose,353.45187,359.01±3.3,60.88±15.58,47.47±1.44,147.31±26.26,355.01±1.76,170.9±130.87,117.58±11.5,60.02±4.01,52.97±0.77
RocketRecovery,113.04654,103.34±9.71,109.38±5.53,76.1±37.69,117.59±3.1,130.19±3.5,-282.23±405.54,106.8±3.73,-345.77±1009.91,-8.14±67.32
RandomFrictionHopper,142.35374,138.84±1.78,163.78±6.21,172.52±6.51,157.62±6.32,146.34±3.31,161.36±29.31,168.27±5.95,146.86±36.19,174.72±2.36
DMSD,494.4527,563.63±13.46,605.78±9.13,674.69±18.81,667.34±9.48,522.05±6.47,589.37±5.28,590.07±1.85,654.76±15.7,557.67±6.35
Fusion,-5.2773643,6.0±0.62,7.28±3.88,11.68±1.49,-5.39±2.17,4.77±1.69,-131.47±45.66,6.5±0.57,15.04±10.26,-97.28±14.5
SafetyHalfCheetah,1769.3083,1674.53±10.48,1702.9±17.14,1198.71±310.76,1241.7±120.63,1630.44±10.9,378.46±677.47,1565.1±70.79,-12068.85±8579.07,-40.77±109.61
